   
SELECT * FROM NOT_EXISTS_IN_PRD;

TRUNCATE TABLE ATTACHFILE;
TRUNCATE TABLE REPL;
delete from POST;
delete from BOARD;
delete from USERS;

Insert into USERS (USERID,USERNM,PASS,REG_DT,ALIAS,ADDR1,ADDR2,ZIPCODE,FILENAME,REALFILENAME) values ('brown','브라운','brownPass',to_date('2020/10/21','YYYY/MM/DD'),'곰탱이','경기 성남시 분당구 판교역로 235','다음 카카오 사무소','13494','D:\profile\14e85caa-78f9-4fe1-93ee-0cb03d9a5e46.png','brown.png');
Insert into USERS (USERID,USERNM,PASS,REG_DT,ALIAS,ADDR1,ADDR2,ZIPCODE,FILENAME,REALFILENAME) values ('cony','코니','java123',to_date('2020/10/21','YYYY/MM/DD'),'긴 귀 생물','대전 유성구 궁동','행복빌라 105호','12346','D:\profile\ffb3df0a-dd4c-4665-8fb8-21cbd24c8f08.png','cony.png');
Insert into USERS (USERID,USERNM,PASS,REG_DT,ALIAS,ADDR1,ADDR2,ZIPCODE,FILENAME,REALFILENAME) values ('sally','샐리','java',to_date('2020/10/21','YYYY/MM/DD'),'Chick','대전 중구 중앙로 76','영민빌딩 404호','34940','d:\profile\sally.png','d:\profile\sally.png');
Insert into USERS (USERID,USERNM,PASS,REG_DT,ALIAS,ADDR1,ADDR2,ZIPCODE,FILENAME,REALFILENAME) values ('james','제임스','jamesPass',to_date('2020/10/21','YYYY/MM/DD'),'사람',null,null,null,'?D:\profile\james.png','james.png');
Insert into USERS (USERID,USERNM,PASS,REG_DT,ALIAS,ADDR1,ADDR2,ZIPCODE,FILENAME,REALFILENAME) values ('moon','문','moonPass',null,'달',null,null,null,'?D:\profile\moon.png','moon.png');
Insert into USERS (USERID,USERNM,PASS,REG_DT,ALIAS,ADDR1,ADDR2,ZIPCODE,FILENAME,REALFILENAME) values ('leonard','레너드','leonardPass',to_date('2020/10/15','YYYY/MM/DD'),'개구리',null,null,null,null,null);
Insert into USERS (USERID,USERNM,PASS,REG_DT,ALIAS,ADDR1,ADDR2,ZIPCODE,FILENAME,REALFILENAME) values ('edward','에드워드','edwardPass',to_date('2020/10/15','YYYY/MM/DD'),'애벌레',null,null,null,null,null);
Insert into USERS (USERID,USERNM,PASS,REG_DT,ALIAS,ADDR1,ADDR2,ZIPCODE,FILENAME,REALFILENAME) values ('jessica','제시카','jessicaPass',to_date('2020/10/15','YYYY/MM/DD'),'고양이',null,null,null,null,null);
Insert into USERS (USERID,USERNM,PASS,REG_DT,ALIAS,ADDR1,ADDR2,ZIPCODE,FILENAME,REALFILENAME) values ('boss','보스','bossPass',to_date('2020/10/15','YYYY/MM/DD'),'사람',null,null,null,null,null);
Insert into USERS (USERID,USERNM,PASS,REG_DT,ALIAS,ADDR1,ADDR2,ZIPCODE,FILENAME,REALFILENAME) values ('choco','초코','chocoPass',to_date('2020/10/15','YYYY/MM/DD'),'곰2',null,null,null,null,null);
Insert into USERS (USERID,USERNM,PASS,REG_DT,ALIAS,ADDR1,ADDR2,ZIPCODE,FILENAME,REALFILENAME) values ('pangyo','팡요','pangyoPass',to_date('2020/10/15','YYYY/MM/DD'),'판다',null,null,null,null,null);
Insert into USERS (USERID,USERNM,PASS,REG_DT,ALIAS,ADDR1,ADDR2,ZIPCODE,FILENAME,REALFILENAME) values ('muzi','무지','muziPass',to_date('2020/10/15','YYYY/MM/DD'),'토끼',null,null,null,null,null);
Insert into USERS (USERID,USERNM,PASS,REG_DT,ALIAS,ADDR1,ADDR2,ZIPCODE,FILENAME,REALFILENAME) values ('con','콘','conPass',to_date('2020/10/15','YYYY/MM/DD'),'악어',null,null,null,null,null);
Insert into USERS (USERID,USERNM,PASS,REG_DT,ALIAS,ADDR1,ADDR2,ZIPCODE,FILENAME,REALFILENAME) values ('apeach','어피치','apeachPass',to_date('2020/10/15','YYYY/MM/DD'),'복숭아',null,null,null,null,null);
Insert into USERS (USERID,USERNM,PASS,REG_DT,ALIAS,ADDR1,ADDR2,ZIPCODE,FILENAME,REALFILENAME) values ('ryan','라이언 ','ryanPass',to_date('2020/10/15','YYYY/MM/DD'),'사자',null,null,null,'D:\profile\f3de208d-c122-4bb8-9d48-c27abbc2df33.png','ryan.png');
Insert into USERS (USERID,USERNM,PASS,REG_DT,ALIAS,ADDR1,ADDR2,ZIPCODE,FILENAME,REALFILENAME) values ('dd','나','java123',to_date('2020/10/22','YYYY/MM/DD'),'나랑께','대전 중구 중앙로 76','영민빌딩 4층 404호','34940','D:\profile\1194765b-9f46-4a06-8c52-a6a2b826a4f9.png','james.png');
Insert into USERS (USERID,USERNM,PASS,REG_DT,ALIAS,ADDR1,ADDR2,ZIPCODE,FILENAME,REALFILENAME) values ('a001','김은대','java123',to_date('2020/10/22','YYYY/MM/DD'),'인간2','경기 연천군 전곡읍 은대로 2','은대아파트 101동 201호','11026','D:\profile\bd356362-2d41-4beb-9bdb-05d26d7db82c.png','ryan.png');
Insert into USERS (USERID,USERNM,PASS,REG_DT,ALIAS,ADDR1,ADDR2,ZIPCODE,FILENAME,REALFILENAME) values ('a003','나1223455asdfdd','java',to_date('2020/11/05','YYYY/MM/DD'),'나나2','대전 중구 중앙로 76','대덕 인재 개발원','34940','c240ca28-9520-4432-8e04-f16bcc691588','Tulips.jpg');
Insert into USERS (USERID,USERNM,PASS,REG_DT,ALIAS,ADDR1,ADDR2,ZIPCODE,FILENAME,REALFILENAME) values ('a123','김윤환s2','java',to_date('2020/11/05','YYYY/MM/DD'),'사람','대전 중구 계룡로955번길 8','행복 빌라','34953','D:\profile\de33442b-0229-43f8-80c3-de0070f0ddb0.jpg','bbb.jpg');
Insert into USERS (USERID,USERNM,PASS,REG_DT,ALIAS,ADDR1,ADDR2,ZIPCODE,FILENAME,REALFILENAME) values ('a005','kyh2222','java',to_date('2020/11/05','YYYY/MM/DD'),'sinkiroo','대전 중구 중앙로 76','4층','34940','D:\profile\65fa678c-6589-45cb-adab-ad79df29a1ec.jpg','aaa.jpg');
Insert into USERS (USERID,USERNM,PASS,REG_DT,ALIAS,ADDR1,ADDR2,ZIPCODE,FILENAME,REALFILENAME) values ('a006','나3','java',to_date('2020/11/05','YYYY/MM/DD'),'나나3','대전 중구 중앙로 76','4층','34940','D:\profile\d5bd8040-107e-4c75-b025-2488e7da79a1.jpg','Tulips.jpg');
Insert into USERS (USERID,USERNM,PASS,REG_DT,ALIAS,ADDR1,ADDR2,ZIPCODE,FILENAME,REALFILENAME) values ('a007','나4',null,to_date('2020/11/05','YYYY/MM/DD'),'나나4','대전 중구 중앙로 76','4층','34940','D:\profile\a6f6da49-131b-4df0-a866-5e118d0b077d.jpg','Tulips.jpg');
Insert into USERS (USERID,USERNM,PASS,REG_DT,ALIAS,ADDR1,ADDR2,ZIPCODE,FILENAME,REALFILENAME) values ('test01','test','test001',to_date('2020/11/05','YYYY/MM/DD'),'test','test_addr1','test_addr2','00000','D:\profile\661b6e79-4d70-450b-97fc-a5c8b217d6e6.png','sally.png');
Insert into USERS (USERID,USERNM,PASS,REG_DT,ALIAS,ADDR1,ADDR2,ZIPCODE,FILENAME,REALFILENAME) values ('test02','test2','test002',to_date('2020/11/05','YYYY/MM/DD'),'test2','test_addr1','test_addr2','00000',null,null);
Insert into USERS (USERID,USERNM,PASS,REG_DT,ALIAS,ADDR1,ADDR2,ZIPCODE,FILENAME,REALFILENAME) values ('kyh12',null,'java',to_date('2020/11/06','YYYY/MM/DD'),'singiroo','대전 중구 중앙로 76','영민빌딩 4층 404호','34904',null,null);
Insert into USERS (USERID,USERNM,PASS,REG_DT,ALIAS,ADDR1,ADDR2,ZIPCODE,FILENAME,REALFILENAME) values ('kyh02',null,'java',to_date('2020/11/06','YYYY/MM/DD'),'singiroo','대전 중구 중앙로 76','영민빌딩 4층 404호','34904',null,null);
Insert into USERS (USERID,USERNM,PASS,REG_DT,ALIAS,ADDR1,ADDR2,ZIPCODE,FILENAME,REALFILENAME) values ('kyh1122',null,'java',to_date('2020/11/06','YYYY/MM/DD'),'singiroo','대전 중구 중앙로 76','영민빌딩 4층 404호','34904',null,null);
Insert into USERS (USERID,USERNM,PASS,REG_DT,ALIAS,ADDR1,ADDR2,ZIPCODE,FILENAME,REALFILENAME) values ('t','t','t',to_date('2020/11/06','YYYY/MM/DD'),'t',null,'t',null,null,null);
Insert into USERS (USERID,USERNM,PASS,REG_DT,ALIAS,ADDR1,ADDR2,ZIPCODE,FILENAME,REALFILENAME) values ('qq','qq','qq',to_date('2020/11/06','YYYY/MM/DD'),'qq',null,'qq',null,'D:\profile\ef6f365c-f371-425e-9633-7954f7cea2c8.jpg','Tulips.jpg');

Insert into BOARD (BOARDID,BOARDNM,BOARDSTATUS,USERID) values ('board4','Q&A 게시판','F','brown');
Insert into BOARD (BOARDID,BOARDNM,BOARDSTATUS,USERID) values ('board5','추가 게시판','F','brown');
Insert into BOARD (BOARDID,BOARDNM,BOARDSTATUS,USERID) values ('board2','자유게시판','T','brown');
Insert into BOARD (BOARDID,BOARDNM,BOARDSTATUS,USERID) values ('board3','Q','T','brown');
Insert into BOARD (BOARDID,BOARDNM,BOARDSTATUS,USERID) values ('board6','테스트게시판','T','brown');
Insert into BOARD (BOARDID,BOARDNM,BOARDSTATUS,USERID) values ('board7','공지게시판','T','brown');
Insert into BOARD (BOARDID,BOARDNM,BOARDSTATUS,USERID) values ('board8','테스트게시판','T','brown');
Insert into BOARD (BOARDID,BOARDNM,BOARDSTATUS,USERID) values ('board9','테스트게시판','F','brown');
Insert into BOARD (BOARDID,BOARDNM,BOARDSTATUS,USERID) values ('board10','테스트게시판','F','brown');
Insert into BOARD (BOARDID,BOARDNM,BOARDSTATUS,USERID) values ('board11','공지게시판','F','brown');
Insert into BOARD (BOARDID,BOARDNM,BOARDSTATUS,USERID) values ('board12','테스트게시판','F','brown');
Insert into BOARD (BOARDID,BOARDNM,BOARDSTATUS,USERID) values ('board13','공지게시판','F','brown');
Insert into BOARD (BOARDID,BOARDNM,BOARDSTATUS,USERID) values ('board14','테스트게시판','F','brown');
Insert into BOARD (BOARDID,BOARDNM,BOARDSTATUS,USERID) values ('board15','공지게시판','T','brown');
Insert into BOARD (BOARDID,BOARDNM,BOARDSTATUS,USERID) values ('board16','점검용게시판','F','brown');
Insert into BOARD (BOARDID,BOARDNM,BOARDSTATUS,USERID) values ('board17','질의응답','T','brown');
Insert into BOARD (BOARDID,BOARDNM,BOARDSTATUS,USERID) values ('board18','그냥게시판3','F','brown');
Insert into BOARD (BOARDID,BOARDNM,BOARDSTATUS,USERID) values ('board19','테스트 게시판 4','F','brown');
Insert into BOARD (BOARDID,BOARDNM,BOARDSTATUS,USERID) values ('board20','게시판5','F','brown');
Insert into BOARD (BOARDID,BOARDNM,BOARDSTATUS,USERID) values ('board21','테스트게시판','T','brown');
Insert into BOARD (BOARDID,BOARDNM,BOARDSTATUS,USERID) values ('board22','공지게시판','T','brown');
Insert into BOARD (BOARDID,BOARDNM,BOARDSTATUS,USERID) values ('board42','샐리게시판','T','sally');
Insert into BOARD (BOARDID,BOARDNM,BOARDSTATUS,USERID) values ('board43','샐리게시판2','F','sally');
Insert into BOARD (BOARDID,BOARDNM,BOARDSTATUS,USERID) values ('board44','게시판','T','brown');

Insert into POST (BOARDID,POSTID,PARENTID,TITLE,DATES,STATUS,USERID) values ('board2','post7',null,'asdf',to_date('2020/10/27','YYYY/MM/DD'),'T','brown');
Insert into POST (BOARDID,POSTID,PARENTID,TITLE,DATES,STATUS,USERID) values ('board2','post5',null,'adsf',to_date('2020/10/27','YYYY/MM/DD'),'T','brown');
Insert into POST (BOARDID,POSTID,PARENTID,TITLE,DATES,STATUS,USERID) values ('board2','post6',null,'asdf',to_date('2020/10/27','YYYY/MM/DD'),'T','brown');
Insert into POST (BOARDID,POSTID,PARENTID,TITLE,DATES,STATUS,USERID) values ('board2','post8',null,'테스트',to_date('2020/10/27','YYYY/MM/DD'),'T','brown');
Insert into POST (BOARDID,POSTID,PARENTID,TITLE,DATES,STATUS,USERID) values ('board2','post9',null,'테스트',to_date('2020/10/27','YYYY/MM/DD'),'T','brown');
Insert into POST (BOARDID,POSTID,PARENTID,TITLE,DATES,STATUS,USERID) values ('board2','post10',null,'테스트 수정본',to_date('2020/10/27','YYYY/MM/DD'),'T','brown');
Insert into POST (BOARDID,POSTID,PARENTID,TITLE,DATES,STATUS,USERID) values ('board2','post11','post10','테스트',to_date('2020/10/27','YYYY/MM/DD'),'F','brown');
Insert into POST (BOARDID,POSTID,PARENTID,TITLE,DATES,STATUS,USERID) values ('board2','post12','post9','메서드-테스트',to_date('2020/10/27','YYYY/MM/DD'),'F','brown');
Insert into POST (BOARDID,POSTID,PARENTID,TITLE,DATES,STATUS,USERID) values ('board2','post13','post7','테스트',to_date('2020/10/27','YYYY/MM/DD'),'T','brown');
Insert into POST (BOARDID,POSTID,PARENTID,TITLE,DATES,STATUS,USERID) values ('board2','post14','post12','테스트',to_date('2020/10/27','YYYY/MM/DD'),'F','brown');
Insert into POST (BOARDID,POSTID,PARENTID,TITLE,DATES,STATUS,USERID) values ('board2','post15','post12','다음단계로',to_date('2020/10/27','YYYY/MM/DD'),'T','brown');
Insert into POST (BOARDID,POSTID,PARENTID,TITLE,DATES,STATUS,USERID) values ('board2','post16',null,'수정 테스트',to_date('2020/10/27','YYYY/MM/DD'),'F','brown');
Insert into POST (BOARDID,POSTID,PARENTID,TITLE,DATES,STATUS,USERID) values ('board2','post17','post10','테스트 수정본의 답글2',to_date('2020/10/28','YYYY/MM/DD'),'T','brown');
Insert into POST (BOARDID,POSTID,PARENTID,TITLE,DATES,STATUS,USERID) values ('board2','post18','post17','수정본 테스트의 답글2의 답글',to_date('2020/10/28','YYYY/MM/DD'),'T','brown');
Insert into POST (BOARDID,POSTID,PARENTID,TITLE,DATES,STATUS,USERID) values ('board2','post19','post17','sally 첫 답글!!',to_date('2020/10/28','YYYY/MM/DD'),'T','sally');
Insert into POST (BOARDID,POSTID,PARENTID,TITLE,DATES,STATUS,USERID) values ('board6','post20',null,'새글 테스트 수정1',to_date('2020/10/29','YYYY/MM/DD'),'F','brown');
Insert into POST (BOARDID,POSTID,PARENTID,TITLE,DATES,STATUS,USERID) values ('board6','post21','post20','답글 테스트 1',to_date('2020/10/29','YYYY/MM/DD'),'T','brown');
Insert into POST (BOARDID,POSTID,PARENTID,TITLE,DATES,STATUS,USERID) values ('board2','post22',null,'메서드 테스트 게시글',to_date('2020/10/29','YYYY/MM/DD'),'T','brown');
Insert into POST (BOARDID,POSTID,PARENTID,TITLE,DATES,STATUS,USERID) values ('board2','post23',null,'점검',to_date('2020/10/29','YYYY/MM/DD'),'T','brown');
Insert into POST (BOARDID,POSTID,PARENTID,TITLE,DATES,STATUS,USERID) values ('board2','post24',null,'점검2',to_date('2020/10/29','YYYY/MM/DD'),'T','brown');
Insert into POST (BOARDID,POSTID,PARENTID,TITLE,DATES,STATUS,USERID) values ('board2','post26',null,'점검3',to_date('2020/10/29','YYYY/MM/DD'),'F','brown');
Insert into POST (BOARDID,POSTID,PARENTID,TITLE,DATES,STATUS,USERID) values ('board2','post27','post26','답글테스트',to_date('2020/10/29','YYYY/MM/DD'),'T','brown');
Insert into POST (BOARDID,POSTID,PARENTID,TITLE,DATES,STATUS,USERID) values ('board2','post28','post27','답글테스트의 답글',to_date('2020/10/29','YYYY/MM/DD'),'F','brown');
Insert into POST (BOARDID,POSTID,PARENTID,TITLE,DATES,STATUS,USERID) values ('board17','post29',null,'테스트-수정',to_date('2020/10/29','YYYY/MM/DD'),'T','brown');
Insert into POST (BOARDID,POSTID,PARENTID,TITLE,DATES,STATUS,USERID) values ('board17','post30','post29','답글1',to_date('2020/10/29','YYYY/MM/DD'),'F','brown');
Insert into POST (BOARDID,POSTID,PARENTID,TITLE,DATES,STATUS,USERID) values ('board2','post31',null,'테스트5-수정1',to_date('2020/10/29','YYYY/MM/DD'),'T','brown');
Insert into POST (BOARDID,POSTID,PARENTID,TITLE,DATES,STATUS,USERID) values ('board2','post32','post31','답글1',to_date('2020/10/29','YYYY/MM/DD'),'T','brown');
Insert into POST (BOARDID,POSTID,PARENTID,TITLE,DATES,STATUS,USERID) values ('board2','post33',null,'새글 1-수정1',to_date('2020/10/30','YYYY/MM/DD'),'F','brown');
Insert into POST (BOARDID,POSTID,PARENTID,TITLE,DATES,STATUS,USERID) values ('board2','post34','post33','답글1',to_date('2020/10/30','YYYY/MM/DD'),'F','brown');
Insert into POST (BOARDID,POSTID,PARENTID,TITLE,DATES,STATUS,USERID) values ('board2','post35',null,'샐리 첫글',to_date('2020/10/30','YYYY/MM/DD'),'T','sally');
Insert into POST (BOARDID,POSTID,PARENTID,TITLE,DATES,STATUS,USERID) values ('board2','post36','post35','샐리야...',to_date('2020/10/30','YYYY/MM/DD'),'T','brown');
Insert into POST (BOARDID,POSTID,PARENTID,TITLE,DATES,STATUS,USERID) values ('board2','post37',null,'1',to_date('2020/10/30','YYYY/MM/DD'),'T','brown');
Insert into POST (BOARDID,POSTID,PARENTID,TITLE,DATES,STATUS,USERID) values ('board2','post38',null,'테스트',to_date('2020/10/30','YYYY/MM/DD'),'T','brown');
Insert into POST (BOARDID,POSTID,PARENTID,TITLE,DATES,STATUS,USERID) values ('board2','post39',null,'테스트 6-수정1',to_date('2020/10/30','YYYY/MM/DD'),'T','brown');
Insert into POST (BOARDID,POSTID,PARENTID,TITLE,DATES,STATUS,USERID) values ('board2','post40','post39','테스트7 답글1',to_date('2020/10/30','YYYY/MM/DD'),'T','brown');
Insert into POST (BOARDID,POSTID,PARENTID,TITLE,DATES,STATUS,USERID) values ('board2','post44',null,'1',to_date('2020/10/30','YYYY/MM/DD'),'F','brown');
Insert into POST (BOARDID,POSTID,PARENTID,TITLE,DATES,STATUS,USERID) values ('board2','post45','post44','2',to_date('2020/10/30','YYYY/MM/DD'),'F','brown');
Insert into POST (BOARDID,POSTID,PARENTID,TITLE,DATES,STATUS,USERID) values ('board2','post46',null,'메서드 테스트 게시글',to_date('2020/10/30','YYYY/MM/DD'),'F','brown');
Insert into POST (BOARDID,POSTID,PARENTID,TITLE,DATES,STATUS,USERID) values ('board2','post64',null,'hello',to_date('2020/11/16','YYYY/MM/DD'),'T','sally');
Insert into POST (BOARDID,POSTID,PARENTID,TITLE,DATES,STATUS,USERID) values ('board2','post67',null,'test',to_date('2020/11/16','YYYY/MM/DD'),'T','sally');
Insert into POST (BOARDID,POSTID,PARENTID,TITLE,DATES,STATUS,USERID) values ('board2','post73',null,'good ',to_date('2020/11/16','YYYY/MM/DD'),'T','sally');
Insert into POST (BOARDID,POSTID,PARENTID,TITLE,DATES,STATUS,USERID) values ('board2','post78',null,'ss',to_date('2020/11/16','YYYY/MM/DD'),'T','sally');
Insert into POST (BOARDID,POSTID,PARENTID,TITLE,DATES,STATUS,USERID) values ('board2','post79',null,'ff',to_date('2020/11/16','YYYY/MM/DD'),'F','sally');
Insert into POST (BOARDID,POSTID,PARENTID,TITLE,DATES,STATUS,USERID) values ('board2','post86',null,'ah...hungry',to_date('2020/11/16','YYYY/MM/DD'),'T','sally');

Insert into REPL (REPLID,POSTID,CONT,DATES,TITLE,STATUS,USERID) values ('repl4','post17','다했다!!!',to_date('2020/10/28','YYYY/MM/DD'),'첫댓글','F','brown');
Insert into REPL (REPLID,POSTID,CONT,DATES,TITLE,STATUS,USERID) values ('repl5','post17','아 테스트코드란..',to_date('2020/10/28','YYYY/MM/DD'),'두번째','F','brown');
Insert into REPL (REPLID,POSTID,CONT,DATES,TITLE,STATUS,USERID) values ('repl6','post21','아 졸립구나..',to_date('2020/10/29','YYYY/MM/DD'),'사과가 맛있어보이네요','F','sally');
Insert into REPL (REPLID,POSTID,CONT,DATES,TITLE,STATUS,USERID) values ('repl7','post21','예산 사과가 젤 맛있음.
다른 곳 사과 유명한 곳 있음?
아시면 답변좀.',to_date('2020/10/29','YYYY/MM/DD'),'사과는 역시 예산','F','cony');
Insert into REPL (REPLID,POSTID,CONT,DATES,TITLE,STATUS,USERID) values ('repl8','post7','테스트댓글',to_date('2020/10/29','YYYY/MM/DD'),'테스트2','T','brown');
Insert into REPL (REPLID,POSTID,CONT,DATES,TITLE,STATUS,USERID) values ('repl9','post7','테스트댓글',to_date('2020/10/29','YYYY/MM/DD'),'테스트','T','brown');
Insert into REPL (REPLID,POSTID,CONT,DATES,TITLE,STATUS,USERID) values ('repl10','post7','테스트댓글',to_date('2020/10/29','YYYY/MM/DD'),'테스트2','T','brown');
Insert into REPL (REPLID,POSTID,CONT,DATES,TITLE,STATUS,USERID) values ('repl11','post7','테스트댓글',to_date('2020/10/29','YYYY/MM/DD'),'테스트','T','brown');
Insert into REPL (REPLID,POSTID,CONT,DATES,TITLE,STATUS,USERID) values ('repl12','post7','테스트댓글',to_date('2020/10/29','YYYY/MM/DD'),'테스트2','T','brown');
Insert into REPL (REPLID,POSTID,CONT,DATES,TITLE,STATUS,USERID) values ('repl13','post7','테스트댓글',to_date('2020/10/29','YYYY/MM/DD'),'테스트','T','brown');
Insert into REPL (REPLID,POSTID,CONT,DATES,TITLE,STATUS,USERID) values ('repl14','post28','1',to_date('2020/10/29','YYYY/MM/DD'),'1','F','brown');
Insert into REPL (REPLID,POSTID,CONT,DATES,TITLE,STATUS,USERID) values ('repl15','post28','2',to_date('2020/10/29','YYYY/MM/DD'),'2','F','brown');
Insert into REPL (REPLID,POSTID,CONT,DATES,TITLE,STATUS,USERID) values ('repl16','post26','ㅁㄴㅇ',to_date('2020/10/29','YYYY/MM/DD'),'ㅁㄴㅇ','T','brown');
Insert into REPL (REPLID,POSTID,CONT,DATES,TITLE,STATUS,USERID) values ('repl17','post26','ㅁㄴㅇ',to_date('2020/10/29','YYYY/MM/DD'),'ㅁㄴㅇ','T','brown');
Insert into REPL (REPLID,POSTID,CONT,DATES,TITLE,STATUS,USERID) values ('repl18','post30','댓글1',to_date('2020/10/29','YYYY/MM/DD'),'댓글1','T','brown');
Insert into REPL (REPLID,POSTID,CONT,DATES,TITLE,STATUS,USERID) values ('repl19','post30','댓글2',to_date('2020/10/29','YYYY/MM/DD'),'댓글2','T','brown');
Insert into REPL (REPLID,POSTID,CONT,DATES,TITLE,STATUS,USERID) values ('repl20','post32','댓글123',to_date('2020/10/29','YYYY/MM/DD'),'댓글','F','brown');
Insert into REPL (REPLID,POSTID,CONT,DATES,TITLE,STATUS,USERID) values ('repl21','post32','댓글2',to_date('2020/10/29','YYYY/MM/DD'),'댓글2','F','brown');
Insert into REPL (REPLID,POSTID,CONT,DATES,TITLE,STATUS,USERID) values ('repl22','post32','ㄻㄴㅇㄹ',to_date('2020/10/29','YYYY/MM/DD'),'ㅁㄴ아ㅣ럼ㅁㄴㅇ','T','brown');
Insert into REPL (REPLID,POSTID,CONT,DATES,TITLE,STATUS,USERID) values ('repl23','post34','ㅋㅋㅋㅋ',to_date('2020/10/30','YYYY/MM/DD'),'ㅋㅋㅋ','T','brown');
Insert into REPL (REPLID,POSTID,CONT,DATES,TITLE,STATUS,USERID) values ('repl24','post34','정말 궁금해서 그럼..ㅁㄴㅇㄻㄴㅇㄹ',to_date('2020/10/30','YYYY/MM/DD'),'왜 웃음?','F','brown');
Insert into REPL (REPLID,POSTID,CONT,DATES,TITLE,STATUS,USERID) values ('repl25','post33','ㅁㄴㅇㄹ',to_date('2020/10/30','YYYY/MM/DD'),'ㅁㄴㅇㄹ','T','brown');
Insert into REPL (REPLID,POSTID,CONT,DATES,TITLE,STATUS,USERID) values ('repl26','post33','ㄴㅇㄹㄴㄹㄴ',to_date('2020/10/30','YYYY/MM/DD'),'ㅁㄴㅇㄹ','F','brown');
Insert into REPL (REPLID,POSTID,CONT,DATES,TITLE,STATUS,USERID) values ('repl27','post33','ㄴㄹㄴㄹㄴ',to_date('2020/10/30','YYYY/MM/DD'),'ㅁㄴㅇㄻㄴㅇ','T','brown');
Insert into REPL (REPLID,POSTID,CONT,DATES,TITLE,STATUS,USERID) values ('repl28','post35','왜 라이언임?',to_date('2020/10/30','YYYY/MM/DD'),'근데 프로필은 ','T','sally');
Insert into REPL (REPLID,POSTID,CONT,DATES,TITLE,STATUS,USERID) values ('repl29','post35','여기 간첩이 있다.',to_date('2020/10/30','YYYY/MM/DD'),'간첩이..','T','sally');
Insert into REPL (REPLID,POSTID,CONT,DATES,TITLE,STATUS,USERID) values ('repl30','post40','ㅁㄴㅇㄹ뮤뮤뮤뮤뮤뮤뮤',to_date('2020/10/30','YYYY/MM/DD'),'ㅁㄻ','T','brown');
Insert into REPL (REPLID,POSTID,CONT,DATES,TITLE,STATUS,USERID) values ('repl31','post40','ㄴㅇㄹㄴㅇ',to_date('2020/10/30','YYYY/MM/DD'),'ㄴㅇㄹㄴ','F','brown');
Insert into REPL (REPLID,POSTID,CONT,DATES,TITLE,STATUS,USERID) values ('repl32','post44','1',to_date('2020/10/30','YYYY/MM/DD'),'1','T','brown');
Insert into REPL (REPLID,POSTID,CONT,DATES,TITLE,STATUS,USERID) values ('repl33','post44','2',to_date('2020/10/30','YYYY/MM/DD'),'2','F','brown');
Insert into REPL (REPLID,POSTID,CONT,DATES,TITLE,STATUS,USERID) values ('repl34','post7','테스트댓글',to_date('2020/10/30','YYYY/MM/DD'),'테스트2','T','brown');
Insert into REPL (REPLID,POSTID,CONT,DATES,TITLE,STATUS,USERID) values ('repl35','post7','테스트댓글',to_date('2020/10/30','YYYY/MM/DD'),'테스트','T','brown');
Insert into REPL (REPLID,POSTID,CONT,DATES,TITLE,STATUS,USERID) values ('repl41','post39','안녕하세요',to_date('2020/11/16','YYYY/MM/DD'),'안녕','T','brown');
Insert into REPL (REPLID,POSTID,CONT,DATES,TITLE,STATUS,USERID) values ('repl42','post39','첫글
반갑습니다.',to_date('2020/11/16','YYYY/MM/DD'),'안녕하세요','F','sally');

Insert into ATTACHFILE (FILEID,FILENM,REALFILENAME,POSTID) values ('file2','D:\upload\0f43421d-92c0-40af-9351-02057a8878ba.png','sally.png','post10');
Insert into ATTACHFILE (FILEID,FILENM,REALFILENAME,POSTID) values ('file3','D:\upload\bb07af5f-97b8-4ff5-8f3d-8431dafdfc21.png','brown.png','post10');
Insert into ATTACHFILE (FILEID,FILENM,REALFILENAME,POSTID) values ('file4','D:\upload\3cf2ab66-8401-4234-ab1b-843dd8faa937.png','sally.png','post11');
Insert into ATTACHFILE (FILEID,FILENM,REALFILENAME,POSTID) values ('file5','D:\upload\0c6fad69-6330-483f-93db-daca6e32ccfd.png','brown.png','post11');
Insert into ATTACHFILE (FILEID,FILENM,REALFILENAME,POSTID) values ('file6','D:\upload\1812f59d-5963-4084-94b3-247075dd72de.png','brown.png','post12');
Insert into ATTACHFILE (FILEID,FILENM,REALFILENAME,POSTID) values ('file7','D:\upload\78657f3c-6b9d-4047-a2f6-e33ebd52a530.png','ryan.png','post12');
Insert into ATTACHFILE (FILEID,FILENM,REALFILENAME,POSTID) values ('8','D:\upload\b30a5fd8-0eda-4631-80a5-f3cbf5f9a32e.png','brown.png','post13');
Insert into ATTACHFILE (FILEID,FILENM,REALFILENAME,POSTID) values ('9','D:\upload\fffd2632-758d-4240-8528-e09f8bb09e76.png','ryan.png','post13');
Insert into ATTACHFILE (FILEID,FILENM,REALFILENAME,POSTID) values ('file24','D:\upload\5d6687b0-f2b1-4b67-8d35-3af50de310f5.txt','bufferTest.txt','post18');
Insert into ATTACHFILE (FILEID,FILENM,REALFILENAME,POSTID) values ('file25','D:\upload\c7577a03-9144-4e54-9dd4-b81265ebb215.txt','out_utf8.txt','post18');
Insert into ATTACHFILE (FILEID,FILENM,REALFILENAME,POSTID) values ('file26','D:\upload\51bc94af-4588-411b-bd1f-cfbb8e0f8c54.png','sally.png','post19');
Insert into ATTACHFILE (FILEID,FILENM,REALFILENAME,POSTID) values ('file13','D:\upload\ab20a7ce-8201-4bb0-8d8e-8b26de0c0482.png','ryan.png','post16');
Insert into ATTACHFILE (FILEID,FILENM,REALFILENAME,POSTID) values ('file27','D:\upload\56089b5c-3a40-445e-97e6-e198bcd0122c.txt','20201013-servlet.txt','post19');
Insert into ATTACHFILE (FILEID,FILENM,REALFILENAME,POSTID) values ('file15','D:\upload\43d75d1a-0b10-4e6d-9437-499791c185a5.txt','jndi.txt','post15');
Insert into ATTACHFILE (FILEID,FILENM,REALFILENAME,POSTID) values ('file16','D:\upload\89edb3ad-a8b6-48e2-8daa-645443b31379.txt','ToDoList.txt','post15');
Insert into ATTACHFILE (FILEID,FILENM,REALFILENAME,POSTID) values ('file17','D:\upload\2c5edea0-3a13-4837-9401-be9dc0d182f0.png','2.png','post15');
Insert into ATTACHFILE (FILEID,FILENM,REALFILENAME,POSTID) values ('file18','D:\upload\13872fdf-7a2f-4b4a-b787-a430e33706fc.png','0.png','post15');
Insert into ATTACHFILE (FILEID,FILENM,REALFILENAME,POSTID) values ('file19','D:\upload\8d4731e4-2e0b-47de-a067-f6350db99a56.png','james.png','post15');
Insert into ATTACHFILE (FILEID,FILENM,REALFILENAME,POSTID) values ('file20','D:\upload\e4dad66d-5b13-4db4-9dd4-1dd7d5e32141.png','데이터 설계1.7.png','post17');
Insert into ATTACHFILE (FILEID,FILENM,REALFILENAME,POSTID) values ('file21','D:\upload\bff50561-3ff8-4d9c-9d70-a2528beb989c.png','brown.png','post17');
Insert into ATTACHFILE (FILEID,FILENM,REALFILENAME,POSTID) values ('file22','D:\upload\cc8977fd-4246-4e92-aeda-f6229ea0d307.txt','print.txt','post17');
Insert into ATTACHFILE (FILEID,FILENM,REALFILENAME,POSTID) values ('file23','D:\upload\3b201d22-b69b-4e6e-b83c-8216a639e2da.jpg','bbb.jpg','post18');
Insert into ATTACHFILE (FILEID,FILENM,REALFILENAME,POSTID) values ('file28','D:\upload\f95d1d9e-56c6-4de4-a98d-09485b81203d.jpg','Tulips.jpg','post20');
Insert into ATTACHFILE (FILEID,FILENM,REALFILENAME,POSTID) values ('file37','D:\upload\8ec505f4-8ec9-47dc-a60f-e2acfb8f6f84.txt','test_ansi.txt','post23');
Insert into ATTACHFILE (FILEID,FILENM,REALFILENAME,POSTID) values ('file30','D:\upload\04c91dd7-fa49-4a92-abfb-4e703cd43a4c.txt','out.txt','post20');
Insert into ATTACHFILE (FILEID,FILENM,REALFILENAME,POSTID) values ('file31','D:\upload\8b9077b8-8ae8-4503-a4ac-069f4ec07dfb.jpg','aaa.jpg','post20');
Insert into ATTACHFILE (FILEID,FILENM,REALFILENAME,POSTID) values ('file32','D:\upload\ddf35a99-bf1f-465c-a341-92f304509517.txt','bufferTest.txt','post20');
Insert into ATTACHFILE (FILEID,FILENM,REALFILENAME,POSTID) values ('file33','D:\upload\d227a8f8-147b-4922-8764-0776e70fe63d.jpg','bbb.jpg','post21');
Insert into ATTACHFILE (FILEID,FILENM,REALFILENAME,POSTID) values ('file34',null,'sample.txt','post21');
Insert into ATTACHFILE (FILEID,FILENM,REALFILENAME,POSTID) values ('file35','D:\upload\52bb0e63-88db-483f-804b-4dd95a2050d1.txt','testChar.txt','post21');
Insert into ATTACHFILE (FILEID,FILENM,REALFILENAME,POSTID) values ('file36','D:\upload\4854b41f-e7de-448a-8bcf-89b6bfd8c81e.jpg','aaa.jpg','post23');
Insert into ATTACHFILE (FILEID,FILENM,REALFILENAME,POSTID) values ('file38','D:\upload\bfebb39a-4368-49e1-a993-1ce33234106c.txt','out_ansi.txt','post23');
Insert into ATTACHFILE (FILEID,FILENM,REALFILENAME,POSTID) values ('file39','D:\upload\654cf329-b9cd-4919-84cf-0a0995e8fa8a.jpg','bbb.jpg','post23');
Insert into ATTACHFILE (FILEID,FILENM,REALFILENAME,POSTID) values ('file40','D:\upload\cfc9f73b-2638-4c2b-a113-fcb459f195f1.jpg','aaa.jpg','post24');
Insert into ATTACHFILE (FILEID,FILENM,REALFILENAME,POSTID) values ('file41','D:\upload\41d7b066-9ec3-4182-b16b-d66c0cf9d5a5.jpg','bbb.jpg','post24');
Insert into ATTACHFILE (FILEID,FILENM,REALFILENAME,POSTID) values ('file42','D:\upload\871fdf42-ca4a-4e39-b6af-e1cdfa1a6dc8.jpg','Tulips.jpg','post24');
Insert into ATTACHFILE (FILEID,FILENM,REALFILENAME,POSTID) values ('file49','D:\upload\aae5d853-5b2c-438b-8efe-ba0a3473f3fe.txt','testChar.txt','post29');
Insert into ATTACHFILE (FILEID,FILENM,REALFILENAME,POSTID) values ('file48','D:\upload\732580b0-abcf-480e-8297-b1a05056235e.txt','test2.txt','post26');
Insert into ATTACHFILE (FILEID,FILENM,REALFILENAME,POSTID) values ('file57','D:\upload\c52666ea-cc92-44a1-81cf-fd27bb7b0361.txt','test_utf8.txt','post33');
Insert into ATTACHFILE (FILEID,FILENM,REALFILENAME,POSTID) values ('file46','D:\upload\094ca66a-d093-4821-a9a6-2c1711ad0ef1.txt','out_ansi.txt','post26');
Insert into ATTACHFILE (FILEID,FILENM,REALFILENAME,POSTID) values ('file47','D:\upload\09321c81-0e1c-4f4b-b50e-bd45112c0bad.txt','print2.txt','post26');
Insert into ATTACHFILE (FILEID,FILENM,REALFILENAME,POSTID) values ('file55','D:\upload\5c42dbbe-81fa-4d0b-9842-d9d70472bddd.txt','test_utf8.txt','post31');
Insert into ATTACHFILE (FILEID,FILENM,REALFILENAME,POSTID) values ('file51','D:\upload\0a385e9f-b67e-4e4b-bacd-772f64184792.txt','out.txt','post29');
Insert into ATTACHFILE (FILEID,FILENM,REALFILENAME,POSTID) values ('file53','D:\upload\ff640ea5-d9c9-4ffc-8ce3-d01003f5af7a.jpg','Tulips.jpg','post31');
Insert into ATTACHFILE (FILEID,FILENM,REALFILENAME,POSTID) values ('file54','D:\upload\4588260f-ea27-4789-acac-08351b96882a.txt','test_ansi.txt','post31');
Insert into ATTACHFILE (FILEID,FILENM,REALFILENAME,POSTID) values ('file70','D:\upload\bec7ee61-97c9-445f-81f7-e8942448e67b.txt','test.txt','post39');
Insert into ATTACHFILE (FILEID,FILENM,REALFILENAME,POSTID) values ('file58','D:\upload\1a9fb86b-1e71-45ac-a28f-de2b937be293.jpg','bbb.jpg','post33');
Insert into ATTACHFILE (FILEID,FILENM,REALFILENAME,POSTID) values ('file59','D:\upload\bac14d5e-066e-498d-a1cc-49ff1192eb62.txt','test2.txt','post33');
Insert into ATTACHFILE (FILEID,FILENM,REALFILENAME,POSTID) values ('file60','D:\upload\8b5f9cdf-c1aa-46e6-ac20-255d3e4f6ad7.png','sally.png','post34');
Insert into ATTACHFILE (FILEID,FILENM,REALFILENAME,POSTID) values ('file61','D:\upload\97775798-8d13-4fa0-90d6-3f30fe06e541.txt','out.txt','post35');
Insert into ATTACHFILE (FILEID,FILENM,REALFILENAME,POSTID) values ('file82','D:\upload\b43421b1-e054-44a6-9bb3-b87bc60fdc8d.txt','out.txt','post78');
Insert into ATTACHFILE (FILEID,FILENM,REALFILENAME,POSTID) values ('file64','D:\upload\add3dbcb-ef9a-43ca-b91e-29296da58107.png','sally.png','post36');
Insert into ATTACHFILE (FILEID,FILENM,REALFILENAME,POSTID) values ('file65','D:\upload\396761c8-346a-459f-b91a-9d62e3d29c9d.txt','testChar.txt','post36');
Insert into ATTACHFILE (FILEID,FILENM,REALFILENAME,POSTID) values ('file66','D:\upload\167b5e8e-6617-4086-b33e-7ed6699696e5.txt','out_ansi.txt','post36');
Insert into ATTACHFILE (FILEID,FILENM,REALFILENAME,POSTID) values ('file67','D:\upload\1e1d04ca-5ad3-4170-bd9a-86e42dfeed8c.txt','out.txt','post38');
Insert into ATTACHFILE (FILEID,FILENM,REALFILENAME,POSTID) values ('file68','D:\upload\d437bc71-7e62-4783-883f-1d013a9fa0d3.txt','out_utf8.txt','post38');
Insert into ATTACHFILE (FILEID,FILENM,REALFILENAME,POSTID) values ('file69','D:\upload\da011758-ca5d-48d7-aded-620b83c98c91.txt','test2.txt','post38');
Insert into ATTACHFILE (FILEID,FILENM,REALFILENAME,POSTID) values ('file72','D:\upload\3b45aea7-5653-4d43-bff0-3c2134de55f9.txt','bufferTest.txt','post39');
Insert into ATTACHFILE (FILEID,FILENM,REALFILENAME,POSTID) values ('file73','D:\upload\2aa8d930-a456-4b6b-b80b-96fb2cc02452.txt','print2.txt','post39');
Insert into ATTACHFILE (FILEID,FILENM,REALFILENAME,POSTID) values ('file74','D:\upload\d5c0a2aa-2b5f-43ef-933e-81ff2e3ed28c.txt','testChar.txt','post40');
Insert into ATTACHFILE (FILEID,FILENM,REALFILENAME,POSTID) values ('file76','D:\upload\0f056067-ae7d-4fdf-8ec3-16dd88c54635.txt','print2.txt','post44');
Insert into ATTACHFILE (FILEID,FILENM,REALFILENAME,POSTID) values ('file77','D:\upload\942b5775-e71c-4b75-b838-9867c21b56fe.txt','test.txt','post44');
Insert into ATTACHFILE (FILEID,FILENM,REALFILENAME,POSTID) values ('file81','D:\upload\ced5516b-e5b8-4541-ab93-5822859661d8.txt','test_ansi.txt','post73');
Insert into ATTACHFILE (FILEID,FILENM,REALFILENAME,POSTID) values ('file83','D:\upload\13b856d9-8a0d-4d63-8e5e-6a24a90dc9a8.txt','test.txt','post79');
Insert into ATTACHFILE (FILEID,FILENM,REALFILENAME,POSTID) values ('file85','D:\upload\89153d69-27da-46a7-ab30-a4bff9cadc01.txt','test_utf8.txt','post86');
Insert into ATTACHFILE (FILEID,FILENM,REALFILENAME,POSTID) values ('file86','D:\upload\fb0874cc-ba67-4a16-a762-e4594bf91c93.txt','testChar.txt','post86');
Insert into ATTACHFILE (FILEID,FILENM,REALFILENAME,POSTID) values ('file87','D:\upload\e3fb7e89-8147-4dd6-a0b6-d43143a2ea3d.bin','memObj.bin','post86');


